Hoist ID,Capacity (formatted),Hoist Symbol,Function,Hoist Position,Position,Origin X (formatted),Origin Y (formatted),Low Hook Weight Equivalent
USP,500 kg,1/2 Ton,Generic,Hoist Down,,"-30' - 7""","46' - 3""",0
VX1,1000 kg,1 Ton,Video,Hoist Up,GRID,"-20' - 11""","42' - 9""",0
VX2,1000 kg,1 Ton TAIT Nav,Video,Hoist Up,GRID,"-12' - 7""","42' - 9""",0
VX3,1000 kg,1 Ton,Video,Hoist Up,GRID,"-4' - 1""","42' - 9""",0
VX4,1000 kg,1 Ton,Video,Hoist Up,GRID,"4' - 1""","42' - 9""",0
VX5,1000 kg,1 Ton TAIT Nav,Video,Hoist Up,GRID,"12' - 7""","42' - 9""",0
VX6,1000 kg,1 Ton,Video,Hoist Up,GRID,"20' - 10""","42' - 9""",0
US1,1000 kg,1 Ton Apex,Lighting,Hoist Down,GRID,"-20' - 11""","40' - 5""",0
US2,1000 kg,1 Ton Apex,Lighting,Hoist Down,GRID,"-8' - 3""","40' - 5""",0
US3,1000 kg,1 Ton Elevation,Lighting,Hoist Down,GRID,"8' - 3""","40' - 5""",0
US4,1000 kg,1 Ton Elevation,Lighting,Hoist Down,GRID,"20' - 10""","40' - 5""",0
TR4,500 kg,1/2 Ton Automated,Lighting,Hoist Down,GRID,"-25' - 8""","36' - 7""",0
TL1,500 kg,1/2 Ton Varispeed,Lighting,Hoist Down,GRID,"25' - 8""","36' - 7""",0
TR3,500 kg,1/2 Ton,Lighting,Hoist Down,GRID,"-27' - 4""","27' - 5""",0
TL2,500 kg,1/2 Ton,Lighting,Hoist Down,GRID,"27' - 4""","27' - 5""",0
UM1,1000 kg,1 Ton,Pre-Rig,Hoist Down,GRID,"-21' - 3""","23' - 4""",0
UM2,1000 kg,1 Ton,Pre-Rig,Hoist Down,GRID,"-7' - 7""","23' - 4""",0
UM3,1000 kg,1 Ton,Pre-Rig,Hoist Down,GRID,"7' - 7""","23' - 4""",0
UM4,1000 kg,1 Ton,Pre-Rig,Hoist Down,GRID,"21' - 3""","23' - 4""",0
TR2,500 kg,1/2 Ton,Lighting,Hoist Down,GRID,"-28' - 10""","18' - 10""",0
TL3,500 kg,1/2 Ton,Lighting,Hoist Down,GRID,"28' - 10""","18' - 10""",0
DD2,500 kg,1/2 Ton,Scenery,Hoist Down,SUBHANG,"6' - 11""","9' - 5""",0
TR1,500 kg,1/2 Ton,Super Grid,Hoist Down,GRID,"-30' - 7""","9' - 3""",0
TL4,500 kg,1/2 Ton,Super Grid,Hoist Down,GRID,"30' - 7""","9' - 3""",0
SB1,500 kg,1/2 Ton,Cable Pick,Hoist Down,SUBHANG,"-40' - 4""","8' - 4""",0
SB4,500 kg,1/2 Ton,Cable Pick,Hoist Down,SUBHANG,"40' - 4""","8' - 4""",0
DD1,500 kg,1/2 Ton,Scenery,Hoist Down,SUBHANG,"-7' - 1""","8' - 1""",0
SB2,500 kg,1/2 Ton,Cable Pick,Hoist Down,SUBHANG,"-36' - 11""","6' - 5""",0
SB3,500 kg,1/2 Ton,Cable Pick,Hoist Down,SUBHANG,"36' - 11""","6' - 5""",0
DM1,1000 kg,1 Ton,Lighting,Hoist Down,GRID,"-20' - 11""","5' - 11""",0
DM2,1000 kg,1 Ton,Lighting,Hoist Down,GRID,"-7' - 7""","5' - 11""",0
DM3,1000 kg,1 Ton,Lighting,Hoist Down,GRID,"7' - 7""","5' - 11""",0
DM4,1000 kg,1 Ton,Lighting,Hoist Down,GRID,"20' - 10""","5' - 11""",0
OF2,2000 kg,2 Ton,Audio,Hoist Down,SUBHANG,"-41' - 4""",5',0
OF6,2000 kg,2 Ton,Audio,Hoist Down,SUBHANG,"41' - 4""",5',0
OF3,2000 kg,2 Ton,Audio,Hoist Down,SUBHANG,"-39' - 10""","4' - 2""",0
OF5,2000 kg,2 Ton,Audio,Hoist Down,SUBHANG,"39' - 10""","4' - 2""",0
DMP,500 kg,1/2 Ton,Generic,Hoist Down,,"-28' - 1""","2' - 9""",0
DD4,500 kg,1/2 Ton,Scenery,Hoist Down,SUBHANG,"-2' - 6""","2' - 9""",0
DD6,500 kg,1/2 Ton,Scenery,Hoist Down,SUBHANG,"16' - 4""","2' - 9""",0
IR1,1000 kg,1 Ton,Video,Hoist Up,GRID,"-65' - 11""","2' - 1""",0
IR2,1000 kg,1 Ton,Video,Hoist Up,GRID,-61',"2' - 1""",0
IR3,1000 kg,1 Ton,Video,Hoist Up,GRID,"-56' - 1""","2' - 1""",0
IR4,1000 kg,1 Ton,Video,Hoist Up,GRID,"-51' - 2""","2' - 1""",0
IL1,1000 kg,1 Ton,Video,Hoist Up,GRID,"51' - 2""","2' - 1""",0
IL2,1000 kg,1 Ton,Video,Hoist Up,GRID,"56' - 1""","2' - 1""",0
IL3,1000 kg,1 Ton,Video,Hoist Up,GRID,61',"2' - 1""",0
IL4,1000 kg,1 Ton,Video,Hoist Up,GRID,"65' - 11""","2' - 1""",0
OF1,2000 kg,2 Ton,Audio,Hoist Down,SUBHANG,"-42' - 7""","1' - 3""",0
DD3,500 kg,1/2 Ton,Scenery,Hoist Down,SUBHANG,"-16' - 6""","1' - 3""",0
DD5,500 kg,1/2 Ton,Scenery,Hoist Down,SUBHANG,"2' - 4""","1' - 3""",0
OF4,2000 kg,2 Ton,Audio,Hoist Down,SUBHANG,"42' - 6""","1' - 3""",0
WR1,500 kg,1/2 Ton,Lighting,Hoist Down,GRID,"-64'3.319""","-0' - 3""",0
WR2,500 kg,1/2 Ton,Lighting,Hoist Down,GRID,"-53' - 3""","-0' - 3""",0
WL1,500 kg,1/2 Ton,Lighting,Hoist Down,GRID,"53' - 3""","-0' - 3""",0
WL2,500 kg,1/2 Ton,Lighting,Hoist Down,GRID,"64' - 3""","-0' - 3""",0
PA2,2000 kg,2 Ton,Audio,Hoist Down,SUBHANG,"-32' - 4""","-1' - 3""",0
PA3,2000 kg,2 Ton,Audio,Hoist Down,SUBHANG,"-30' - 7""","-1' - 3""",0
PA5,2000 kg,2 Ton,Audio,Hoist Down,SUBHANG,"30' - 6""","-1' - 3""",0
PA6,2000 kg,2 Ton,Audio,Hoist Down,SUBHANG,"32' - 4""","-1' - 3""",0
DD8,500 kg,1/2 Ton,Scenery,Hoist Down,SUBHANG,"6' - 11""","-3' - 11""",0
PA1,2000 kg,2 Ton,Audio,Hoist Down,SUBHANG,"-31' - 5""","-5' - 3""",0
DD7,500 kg,1/2 Ton,Scenery,Hoist Down,SUBHANG,"-7' - 1""","-5' - 3""",0
PA4,2000 kg,2 Ton,Audio,Hoist Down,SUBHANG,"31' - 5""","-5' - 3""",0
DSP,500 kg,1/2 Ton,Generic,Hoist Down,,"-24' - 7""",-7',0
DS1,1000 kg,1 Ton,Lighting,Hoist Down,GRID,"-20' - 11""","-14' - 2""",0
DS2,1000 kg,1 Ton,Lighting,Hoist Down,GRID,"-7' - 7""","-14' - 2""",0
DS3,1000 kg,1 Ton,Lighting,Hoist Down,GRID,"7' - 7""","-14' - 2""",0
DS4,1000 kg,1 Ton,Lighting,Hoist Down,GRID,"20' - 10""","-14' - 2""",0
USR,,USR Mark,Generic,,Main Stage,-70',50',0
USL,,USL Mark,Generic,,Main Stage,70',50',0
BF1,,Block and Fall,Other,,,-15',33',0
BF2,,Block and Fall,Other,,,15',33',0
QA1,250 kg,1/4 Ton,Lighting,Hoist Up,GRID,-50',12',0
EA1,250 kg,1/4 Ton,Lighting,Hoist Down,GRID,-40',12',0
HB1,2500 kg,2.5 Ton,Lighting,Hoist Up,GRID,40',12',0
FA1,,Fall Arrest,Other,,,50',12',0
FM1,,Floor Mark,Generic,,Centre Line,-0',0',0
DSR,,DSR Mark,Generic,,Main Stage,-70',-20',0
DSL,,DSL Mark,Generic,,Main Stage,70',-20',0
WX1,250 kg,1/4 Ton,Scenery,Hoist Down,SUBHANG,-60',30',0
WX2,250 kg,1/4 Ton,Scenery,Hoist Down,SUBHANG,-52',30',0
WX3,250 kg,1/4 Ton,Scenery,Hoist Down,SUBHANG,-44',30',0
WX4,250 kg,1/4 Ton,Scenery,Hoist Down,SUBHANG,-36',30',0
WX5,250 kg,1/4 Ton,Scenery,Hoist Down,SUBHANG,-28',30',0
WX6,250 kg,1/4 Ton,Scenery,Hoist Down,SUBHANG,-20',30',0
WY1,250 kg,1/4 Ton,Scenery,Hoist Down,SUBHANG,20',30',0
WY2,250 kg,1/4 Ton,Scenery,Hoist Down,SUBHANG,28',30',0
WY3,250 kg,1/4 Ton,Scenery,Hoist Down,SUBHANG,36',30',0
WY4,250 kg,1/4 Ton,Scenery,Hoist Down,SUBHANG,44',30',0
WY5,250 kg,1/4 Ton,Scenery,Hoist Down,SUBHANG,52',30',0
WY6,250 kg,1/4 Ton,Scenery,Hoist Down,SUBHANG,60',30',0
QB1,320 kg,1/3 Ton,Lighting,Hoist Down,GRID,-30',12',0
HC1,3000 kg,3 Ton VMK,Lighting,Hoist Down,GRID,30',12',0
LB1,500 kg,1/2 Ton,Audio,Hoist Down,SUBHANG,-25',12',0
